{"stats":{"minecraft:picked_up":{"minecraft:charcoal":4,"minecraft:crafting_table":4,"minecraft:iron_chestplate":3,"minecraft:wheat":13,"minecraft:golden_pickaxe":2,"minecraft:smithing_table":1,"minecraft:wooden_pickaxe":5,"minecraft:gold_block":1,"minecraft:shield":1,"minecraft:oak_trapdoor":3,"minecraft:string":2627,"minecraft:iron_axe":1,"minecraft:raw_copper":160,"minecraft:iron_leggings":3,"minecraft:smooth_stone":3,"minecraft:bucket":1,"minecraft:beef":11,"minecraft:cobblestone_slab":6,"minecraft:iron_nugget":22,"minecraft:poppy":7,"minecraft:iron_pickaxe":1,"minecraft:chest":1,"minecraft:iron_boots":1,"minecraft:furnace":2,"minecraft:stick":51,"minecraft:raw_iron":52,"minecraft:oak_door":2,"minecraft:copper_ingot":4,"minecraft:torch":29,"minecraft:porkchop":31,"minecraft:diorite":12,"minecraft:stone_shovel":3,"minecraft:stone_sword":7,"minecraft:arrow":116,"minecraft:rotten_flesh":130,"minecraft:shears":1,"minecraft:iron_block":9,"minecraft:gold_ingot":12,"minecraft:mutton":17,"minecraft:obsidian":6,"minecraft:white_wool":16,"minecraft:cobblestone":222,"minecraft:nautilus_shell":2,"minecraft:birch_log":33,"minecraft:birch_slab":4,"minecraft:andesite":3,"minecraft:leather":22,"minecraft:potato":1,"minecraft:birch_planks":24,"minecraft:flint":2,"minecraft:oak_log":226,"minecraft:gunpowder":4,"minecraft:lapis_lazuli":30,"minecraft:dirt":223,"minecraft:cooked_mutton":1,"minecraft:bone":60,"minecraft:apple":2,"minecraft:bow":10,"minecraft:wheat_seeds":91,"minecraft:bell":1,"minecraft:stone_pickaxe":7,"minecraft:iron_ingot":107,"minecraft:fletching_table":4,"minecraft:iron_sword":1,"minecraft:oak_planks":104,"minecraft:oak_slab":3,"minecraft:cooked_porkchop":5,"minecraft:birch_boat":1,"minecraft:dandelion":1,"minecraft:oak_pressure_plate":2,"minecraft:gravel":9,"minecraft:ink_sac":3,"minecraft:white_bed":10,"minecraft:grass_block":4,"minecraft:dark_oak_log":3,"minecraft:spider_eye":15,"minecraft:iron_hoe":1,"minecraft:diamond":2,"minecraft:stone_axe":9,"minecraft:iron_helmet":1,"minecraft:granite":41,"minecraft:bone_meal":16,"minecraft:bread":25,"minecraft:emerald":111,"minecraft:oak_sapling":2,"minecraft:coal":152,"minecraft:ender_pearl":4},"minecraft:broken":{"minecraft:iron_leggings":1,"minecraft:stone_pickaxe":1,"minecraft:stone_axe":1,"minecraft:iron_sword":1,"minecraft:golden_pickaxe":1},"minecraft:dropped":{"minecraft:bread":83,"minecraft:iron_ingot":24,"minecraft:oak_pressure_plate":2,"minecraft:oak_log":4,"minecraft:cobblestone":7,"minecraft:stick":3,"minecraft:cobblestone_stairs":3,"minecraft:iron_block":2,"minecraft:mutton":1,"minecraft:string":64,"minecraft:white_wool":3,"minecraft:bone":7,"minecraft:dandelion":1,"minecraft:oak_planks":1,"minecraft:poppy":5,"minecraft:cobblestone_slab":5,"minecraft:spider_eye":3,"minecraft:stone_pickaxe":1},"minecraft:killed":{"minecraft:spider":19,"minecraft:skeleton":26,"minecraft:drowned":18,"minecraft:skeleton_horse":6,"minecraft:pig":11,"minecraft:zombie_villager":2,"minecraft:iron_golem":7,"minecraft:bat":1,"minecraft:creeper":5,"minecraft:squid":1,"minecraft:sheep":10,"minecraft:zombie":47,"minecraft:cow":5,"minecraft:enderman":2},"minecraft:crafted":{"minecraft:oak_planks":548,"minecraft:cobblestone_slab":6,"minecraft:stone_shovel":5,"minecraft:barrel":2,"minecraft:fishing_rod":9,"minecraft:tripwire_hook":2,"minecraft:birch_boat":2,"minecraft:birch_slab":12,"minecraft:furnace":4,"minecraft:blast_furnace":1,"minecraft:stone":3,"minecraft:cobblestone_stairs":4,"minecraft:lever":1,"minecraft:bone_meal":51,"minecraft:cooked_mutton":16,"minecraft:oak_trapdoor":2,"minecraft:hopper":4,"minecraft:bow":9,"minecraft:iron_boots":2,"minecraft:iron_axe":12,"minecraft:iron_hoe":1,"minecraft:stone_pickaxe":15,"minecraft:chest":10,"minecraft:dark_oak_planks":12,"minecraft:chainmail_leggings":8,"minecraft:cooked_beef":4,"minecraft:oak_slab":6,"minecraft:arrow":272,"minecraft:emerald":358,"minecraft:cooked_porkchop":22,"minecraft:diamond_axe":1,"minecraft:crafting_table":9,"minecraft:wooden_pickaxe":1,"minecraft:iron_helmet":9,"minecraft:iron_sword":2,"minecraft:smithing_table":1,"minecraft:golden_pickaxe":1,"minecraft:fletching_table":1,"minecraft:bucket":1,"minecraft:birch_planks":132,"minecraft:campfire":8,"minecraft:stone_axe":3,"minecraft:bread":132,"minecraft:air":0,"minecraft:diamond_pickaxe":1,"minecraft:white_wool":34,"minecraft:iron_chestplate":2,"minecraft:charcoal":6,"minecraft:shield":1,"minecraft:stick":616,"minecraft:iron_pickaxe":2,"minecraft:iron_ingot":106,"minecraft:birch_trapdoor":2,"minecraft:iron_block":3,"minecraft:stone_sword":2,"minecraft:gold_ingot":9,"minecraft:iron_leggings":2,"minecraft:anvil":1,"minecraft:white_bed":13,"minecraft:composter":1,"minecraft:torch":228,"minecraft:shears":1},"minecraft:custom":{"minecraft:interact_with_smithing_table":1,"minecraft:interact_with_anvil":4,"minecraft:mob_kills":167,"minecraft:inspect_hopper":8,"minecraft:interact_with_crafting_table":79,"minecraft:open_barrel":42,"minecraft:bell_ring":2,"minecraft:leave_game":1,"minecraft:time_since_death":205356,"minecraft:sprint_one_cm":593725,"minecraft:walk_one_cm":1462528,"minecraft:damage_blocked_by_shield":309,"minecraft:drop":28,"minecraft:talked_to_villager":237,"minecraft:play_time":505074,"minecraft:deaths":13,"minecraft:sneak_time":15934,"minecraft:walk_under_water_one_cm":51265,"minecraft:boat_one_cm":38350,"minecraft:jump":6626,"minecraft:walk_on_water_one_cm":116867,"minecraft:total_world_time":505074,"minecraft:interact_with_furnace":34,"minecraft:traded_with_villager":470,"minecraft:sleep_in_bed":12,"minecraft:time_since_rest":3364,"minecraft:damage_taken":9979,"minecraft:damage_absorbed":40,"minecraft:damage_dealt":33628,"minecraft:fly_one_cm":839521,"minecraft:swim_one_cm":48856,"minecraft:player_kills":1,"minecraft:open_chest":59,"minecraft:crouch_one_cm":49932,"minecraft:fall_one_cm":110294,"minecraft:horse_one_cm":678},"minecraft:mined":{"minecraft:white_bed":10,"minecraft:farmland":1,"minecraft:oak_door":1,"minecraft:dark_oak_log":3,"minecraft:granite":32,"minecraft:grass_block":66,"minecraft:oak_pressure_plate":1,"minecraft:birch_slab":1,"minecraft:oak_trapdoor":3,"minecraft:furnace":2,"minecraft:iron_ore":50,"minecraft:andesite":3,"minecraft:fletching_table":4,"minecraft:bell":1,"minecraft:cobblestone_slab":1,"minecraft:dirt_path":1,"minecraft:stone":123,"minecraft:smithing_table":1,"minecraft:tripwire":12,"minecraft:oak_slab":1,"minecraft:crafting_table":3,"minecraft:torch":2,"minecraft:short_grass":217,"minecraft:chest":1,"minecraft:copper_ore":6,"minecraft:tall_grass":11,"minecraft:cobblestone":22,"minecraft:lapis_ore":2,"minecraft:oak_planks":11,"minecraft:diorite":2,"minecraft:wall_torch":2,"minecraft:birch_planks":7,"minecraft:birch_log":36,"minecraft:wheat":14,"minecraft:birch_leaves":1,"minecraft:oak_log":151,"minecraft:coal_ore":95,"minecraft:gravel":9,"minecraft:dirt":29,"minecraft:oak_leaves":25},"minecraft:used":{"minecraft:oak_trapdoor":5,"minecraft:stone_sword":264,"minecraft:stone_shovel":38,"minecraft:chest":7,"minecraft:shield":10,"minecraft:iron_sword":374,"minecraft:rotten_flesh":81,"minecraft:iron_chestplate":1,"minecraft:oak_door":1,"minecraft:torch":226,"minecraft:dirt":71,"minecraft:anvil":1,"minecraft:hopper":4,"minecraft:granite":26,"minecraft:iron_hoe":115,"minecraft:iron_axe":10,"minecraft:grass_block":1,"minecraft:barrel":2,"minecraft:tripwire_hook":2,"minecraft:birch_trapdoor":2,"minecraft:bow":181,"minecraft:beef":5,"minecraft:furnace":5,"minecraft:cooked_beef":4,"minecraft:iron_leggings":1,"minecraft:wheat_seeds":68,"minecraft:cooked_mutton":15,"minecraft:water_bucket":6,"minecraft:diorite":2,"minecraft:cobblestone_stairs":1,"minecraft:birch_planks":37,"minecraft:stone_pickaxe":278,"minecraft:oak_planks":98,"minecraft:birch_boat":1,"minecraft:wooden_pickaxe":34,"minecraft:composter":1,"minecraft:cobblestone_slab":2,"minecraft:fletching_table":5,"minecraft:golden_apple":1,"minecraft:oak_slab":1,"minecraft:crafting_table":12,"minecraft:blast_furnace":1,"minecraft:campfire":8,"minecraft:white_bed":23,"minecraft:shears":2,"minecraft:oak_log":4,"minecraft:lever":1,"minecraft:apple":2,"minecraft:bread":28,"minecraft:birch_slab":5,"minecraft:string":13,"minecraft:iron_pickaxe":12,"minecraft:gravel":2,"minecraft:stone_axe":323,"minecraft:cobblestone":65,"minecraft:cooked_porkchop":22,"minecraft:porkchop":1,"minecraft:smithing_table":2,"minecraft:bucket":6,"minecraft:bone_meal":35,"minecraft:golden_pickaxe":32},"minecraft:killed_by":{"minecraft:spider":1,"minecraft:enderman":2,"minecraft:drowned":1,"minecraft:skeleton":9}},"DataVersion":3953}