{"stats":{"minecraft:custom":{"minecraft:mob_kills":25,"minecraft:interact_with_crafting_table":36,"minecraft:open_barrel":8,"minecraft:damage_dealt_resisted":28,"minecraft:leave_game":9,"minecraft:time_since_death":70972,"minecraft:climb_one_cm":16532,"minecraft:damage_resisted":92,"minecraft:sprint_one_cm":415141,"minecraft:walk_one_cm":695440,"minecraft:drop":16,"minecraft:talked_to_villager":4,"minecraft:play_time":278802,"minecraft:deaths":14,"minecraft:sneak_time":3836,"minecraft:walk_under_water_one_cm":26086,"minecraft:jump":3479,"minecraft:walk_on_water_one_cm":37341,"minecraft:total_world_time":278802,"minecraft:interact_with_furnace":25,"minecraft:sleep_in_bed":14,"minecraft:time_since_rest":1814,"minecraft:damage_taken":4718,"minecraft:damage_dealt":5469,"minecraft:swim_one_cm":18070,"minecraft:fly_one_cm":705143,"minecraft:open_chest":49,"minecraft:crouch_one_cm":10352,"minecraft:fall_one_cm":78581,"minecraft:horse_one_cm":158},"minecraft:used":{"minecraft:oak_trapdoor":4,"minecraft:stone_sword":105,"minecraft:stone":4,"minecraft:iron_sword":6,"minecraft:torch":51,"minecraft:mutton":3,"minecraft:chainmail_chestplate":1,"minecraft:granite":7,"minecraft:birch_door":1,"minecraft:lantern":2,"minecraft:iron_helmet":1,"minecraft:tripwire_hook":4,"minecraft:furnace":2,"minecraft:egg":6,"minecraft:cooked_beef":5,"minecraft:acacia_planks":3,"minecraft:water_bucket":9,"minecraft:diorite":3,"minecraft:birch_planks":11,"minecraft:stone_pickaxe":182,"minecraft:wooden_pickaxe":42,"minecraft:white_wool":4,"minecraft:crafting_table":8,"minecraft:red_bed":16,"minecraft:shears":1,"justhammers:iron_hammer":169,"minecraft:lever":2,"minecraft:bread":32,"minecraft:string":4,"minecraft:brown_wool":1,"minecraft:iron_pickaxe":11,"justhammers:stone_hammer":60,"minecraft:golden_helmet":1,"minecraft:stone_axe":48,"minecraft:cobblestone":134,"minecraft:andesite":2,"minecraft:bucket":9,"minecraft:gray_wool":5,"minecraft:chainmail_leggings":1},"minecraft:killed_by":{"minecraft:spider":1,"minecraft:iron_golem":1,"minecraft:skeleton":6,"minecraft:zombie":5},"minecraft:picked_up":{"minecraft:crafting_table":5,"minecraft:birch_door":4,"minecraft:wheat":20,"minecraft:lead":2,"minecraft:wooden_pickaxe":5,"minecraft:gold_block":2,"minecraft:brick":5,"minecraft:string":446,"minecraft:red_bed":17,"minecraft:raw_copper":108,"minecraft:flint_and_steel":2,"minecraft:smooth_stone_slab":1,"minecraft:iron_leggings":1,"minecraft:white_carpet":1,"minecraft:sea_pickle":4,"minecraft:cracked_stone_bricks":2,"minecraft:cobbled_deepslate":3,"minecraft:smooth_stone":34,"minecraft:bucket":1,"minecraft:beef":7,"minecraft:iron_nugget":15,"minecraft:poppy":3,"minecraft:chest":2,"minecraft:furnace":2,"minecraft:egg":6,"minecraft:golden_helmet":2,"minecraft:dark_oak_sapling":1,"minecraft:stick":27,"minecraft:raw_iron":39,"minecraft:stone":7,"minecraft:torch":43,"minecraft:porkchop":3,"minecraft:diorite":303,"magistuarmory:stone_ahlspiess":2,"minecraft:carrot":9,"minecraft:stone_sword":3,"minecraft:arrow":13,"minecraft:rotten_flesh":33,"minecraft:shears":2,"minecraft:hay_block":22,"minecraft:gold_ingot":3,"minecraft:obsidian":4,"minecraft:mutton":3,"minecraft:cobblestone":1864,"minecraft:rail":6,"minecraft:white_wool":23,"minecraft:birch_log":37,"minecraft:leather_chestplate":1,"minecraft:cooked_beef":3,"minecraft:andesite":33,"minecraft:brown_wool":10,"minecraft:leather":33,"minecraft:acacia_wood":1,"minecraft:potato":33,"minecraft:birch_planks":28,"minecraft:oak_log":25,"minecraft:chainmail_chestplate":1,"minecraft:dirt":34,"minecraft:lantern":6,"minecraft:bone":5,"minecraft:stone_bricks":3,"minecraft:acacia_planks":1,"minecraft:apple":17,"minecraft:wheat_seeds":3,"minecraft:stone_pickaxe":2,"minecraft:iron_ingot":17,"minecraft:cobweb":2,"minecraft:oak_planks":3,"minecraft:gravel":11,"minecraft:sand":63,"magistuarmory:rustedchainmail_leggings":3,"minecraft:barrel":6,"travelersbackpack:standard":1,"minecraft:polished_andesite":3,"minecraft:yellow_carpet":2,"minecraft:stone_axe":3,"minecraft:chainmail_leggings":1,"magistuarmory:rustedcrusader_boots":3,"minecraft:iron_helmet":1,"minecraft:granite":60,"minecraft:emerald":18,"minecraft:bread":36,"minecraft:spruce_sign":2,"minecraft:oak_sapling":2,"minecraft:black_wool":8,"minecraft:coal":107},"minecraft:killed":{"minecraft:spider":2,"minecraft:skeleton":3,"minecraft:horse":1,"minecraft:pig":3,"minecraft:iron_golem":2,"minecraft:sheep":2,"minecraft:trader_llama":2,"minecraft:zombie":3,"minecraft:cow":7},"minecraft:dropped":{"minecraft:cooked_beef":1,"minecraft:oak_log":3,"minecraft:cobblestone":9,"minecraft:granite":9,"minecraft:yellow_carpet":2,"minecraft:cobweb":2,"minecraft:dirt":6,"minecraft:diorite":8,"minecraft:stone_axe":1,"justhammers:stone_hammer":1,"minecraft:hay_block":9,"minecraft:oak_sapling":1,"minecraft:wooden_pickaxe":2,"minecraft:beef":2,"minecraft:black_wool":4},"minecraft:crafted":{"minecraft:oak_planks":88,"minecraft:tripwire_hook":4,"minecraft:furnace":2,"minecraft:stone":10,"minecraft:lever":2,"minecraft:oak_trapdoor":4,"minecraft:glass":22,"minecraft:stone_pickaxe":4,"minecraft:chest":1,"minecraft:birch_door":3,"minecraft:wheat":18,"minecraft:cooked_beef":5,"minecraft:crafting_table":5,"travelersbackpack:backpack_tank":2,"travelersbackpack:standard":1,"minecraft:wooden_pickaxe":2,"travelersbackpack:brown_sleeping_bag":1,"minecraft:bucket":1,"minecraft:birch_planks":4,"minecraft:stone_axe":2,"minecraft:bread":8,"minecraft:air":0,"justhammers:iron_hammer":2,"justhammers:stone_hammer":1,"minecraft:stick":84,"minecraft:iron_ingot":21,"minecraft:iron_pickaxe":1,"minecraft:stone_sword":3,"minecraft:gold_ingot":18,"minecraft:acacia_planks":4,"minecraft:torch":72,"minecraft:shears":1},"minecraft:mined":{"minecraft:granite":9,"minecraft:grass_block":10,"minecraft:decorated_pot":1,"minecraft:brown_wool":1,"minecraft:hay_block":9,"minecraft:smooth_stone":20,"minecraft:furnace":2,"minecraft:iron_ore":30,"minecraft:barrel":3,"minecraft:acacia_wood":1,"minecraft:andesite":5,"minecraft:gold_block":2,"minecraft:deepslate_iron_ore":4,"minecraft:rail":6,"minecraft:lantern":3,"minecraft:stone":271,"minecraft:white_wool":4,"minecraft:tripwire":4,"minecraft:red_bed":17,"minecraft:dandelion":2,"travelersbackpack:standard":1,"minecraft:crafting_table":3,"minecraft:torch":2,"minecraft:short_grass":23,"minecraft:chest":1,"minecraft:white_stained_glass_pane":1,"minecraft:copper_ore":6,"minecraft:cobblestone":20,"minecraft:diorite":32,"minecraft:wall_torch":1,"minecraft:birch_log":15,"minecraft:smooth_stone_slab":4,"minecraft:oak_log":22,"minecraft:coal_ore":31,"minecraft:gravel":1,"minecraft:sand":42,"minecraft:dirt":7,"minecraft:cracked_stone_bricks":2,"minecraft:polished_andesite":1,"minecraft:stone_bricks":3,"minecraft:oak_leaves":4,"minecraft:iron_trapdoor":1,"minecraft:deepslate":1}},"DataVersion":3953}