{"stats":{"minecraft:picked_up":{"minecraft:iron_chestplate":2,"minecraft:crafting_table":13,"minecraft:wheat":185,"minecraft:azure_bluet":2,"minecraft:chicken":3,"minecraft:clay_ball":8,"minecraft:brewing_stand":2,"minecraft:shield":1,"minecraft:amethyst_block":1,"minecraft:iron_axe":2,"minecraft:string":2458,"minecraft:oak_trapdoor":3,"minecraft:raw_copper":526,"minecraft:iron_leggings":2,"minecraft:white_carpet":11,"minecraft:cartography_table":1,"minecraft:cobbled_deepslate":15,"minecraft:beef":8,"minecraft:oak_boat":3,"minecraft:cobblestone_slab":8,"minecraft:calcite":4,"minecraft:iron_pickaxe":1,"minecraft:light_gray_wool":4,"minecraft:poppy":29,"minecraft:sugar_cane":75,"minecraft:chest":3,"minecraft:birch_sapling":1,"minecraft:iron_boots":2,"minecraft:furnace":9,"minecraft:egg":5,"minecraft:stick":96,"minecraft:raw_iron":295,"minecraft:oak_door":2,"minecraft:composter":7,"minecraft:oak_fence":13,"minecraft:torch":41,"minecraft:porkchop":12,"minecraft:diorite":48,"minecraft:carrot":413,"minecraft:redstone":14,"minecraft:golden_chestplate":2,"minecraft:dark_oak_planks":1,"minecraft:stone_sword":5,"minecraft:arrow":39,"minecraft:rotten_flesh":72,"minecraft:beetroot_seeds":3,"minecraft:peony":1,"minecraft:hay_block":27,"minecraft:iron_block":4,"minecraft:gold_ingot":14,"minecraft:white_terracotta":1,"minecraft:mutton":26,"minecraft:white_wool":17,"minecraft:cobblestone":601,"minecraft:birch_log":1,"minecraft:leather_chestplate":1,"minecraft:feather":2,"minecraft:cooked_beef":3,"minecraft:andesite":14,"minecraft:salmon":3,"minecraft:leather":1,"minecraft:potato":220,"minecraft:birch_planks":3,"minecraft:flint":4,"minecraft:tuff":5,"minecraft:oak_log":131,"minecraft:yellow_bed":15,"minecraft:gunpowder":1,"minecraft:paper":4,"minecraft:lapis_lazuli":100,"minecraft:map":2,"minecraft:dirt":250,"minecraft:bone":30,"minecraft:apple":9,"minecraft:stonecutter":2,"minecraft:bow":3,"minecraft:wheat_seeds":590,"minecraft:raw_gold":28,"minecraft:bell":1,"minecraft:stone_pickaxe":3,"minecraft:grindstone":1,"minecraft:iron_ingot":131,"minecraft:oak_fence_gate":2,"minecraft:iron_sword":6,"minecraft:oak_planks":61,"minecraft:book":1,"minecraft:oak_slab":3,"minecraft:smooth_basalt":3,"minecraft:dandelion":14,"minecraft:poisonous_potato":4,"minecraft:gravel":21,"minecraft:white_bed":8,"minecraft:barrel":7,"minecraft:dark_oak_log":17,"minecraft:spider_eye":2,"minecraft:yellow_carpet":4,"minecraft:diamond":2,"minecraft:stone_axe":1,"minecraft:chainmail_leggings":4,"minecraft:iron_helmet":6,"minecraft:granite":89,"minecraft:emerald":37,"minecraft:bread":72,"minecraft:oak_sapling":19,"minecraft:black_wool":3,"minecraft:coal":180},"minecraft:broken":{"minecraft:stone_pickaxe":2,"minecraft:stone_axe":1,"minecraft:iron_pickaxe":1},"minecraft:dropped":{"minecraft:bread":129,"minecraft:iron_sword":1,"minecraft:wheat_seeds":1,"minecraft:cobblestone":7,"minecraft:iron_block":2,"minecraft:dirt":9,"minecraft:torch":1,"minecraft:dandelion":1,"minecraft:rotten_flesh":6,"minecraft:carrot":5,"minecraft:beetroot_seeds":2,"minecraft:wooden_pickaxe":1},"minecraft:killed":{"minecraft:spider":6,"minecraft:skeleton":10,"minecraft:chicken":3,"minecraft:drowned":4,"minecraft:pig":6,"minecraft:iron_golem":13,"minecraft:creeper":1,"minecraft:sheep":19,"minecraft:zombie":21,"minecraft:cow":3},"minecraft:crafted":{"minecraft:oak_door":3,"minecraft:oak_planks":464,"minecraft:cobblestone_slab":60,"minecraft:stone_shovel":1,"minecraft:barrel":5,"minecraft:birch_slab":12,"minecraft:furnace":2,"minecraft:bone_meal":27,"minecraft:cooked_mutton":5,"minecraft:oak_trapdoor":2,"minecraft:bow":13,"minecraft:iron_boots":2,"minecraft:iron_axe":3,"minecraft:stone_pickaxe":11,"minecraft:chest":3,"minecraft:dark_oak_planks":68,"minecraft:stone_hoe":1,"minecraft:chainmail_leggings":15,"minecraft:oak_fence":51,"minecraft:wheat":207,"minecraft:cooked_beef":1,"minecraft:oak_slab":24,"minecraft:arrow":16,"minecraft:emerald":264,"minecraft:cooked_porkchop":4,"minecraft:crafting_table":5,"minecraft:wooden_pickaxe":2,"minecraft:iron_helmet":6,"minecraft:iron_sword":3,"minecraft:birch_planks":4,"minecraft:fletching_table":1,"minecraft:bucket":2,"minecraft:stone_axe":3,"minecraft:bread":166,"minecraft:air":0,"minecraft:oak_fence_gate":2,"minecraft:oak_boat":6,"minecraft:iron_chestplate":2,"minecraft:shield":2,"minecraft:stick":156,"minecraft:iron_ingot":36,"minecraft:iron_pickaxe":2,"minecraft:iron_block":2,"minecraft:stone_sword":5,"minecraft:iron_leggings":2,"minecraft:white_bed":1,"minecraft:torch":48,"minecraft:shears":1},"minecraft:custom":{"minecraft:interact_with_smithing_table":1,"minecraft:interact_with_anvil":1,"minecraft:mob_kills":91,"minecraft:animals_bred":41,"minecraft:open_barrel":24,"minecraft:interact_with_crafting_table":105,"minecraft:interact_with_campfire":14,"minecraft:bell_ring":13,"minecraft:leave_game":3,"minecraft:time_since_death":10073,"minecraft:climb_one_cm":1710,"minecraft:sprint_one_cm":881007,"minecraft:walk_one_cm":1192598,"minecraft:damage_blocked_by_shield":1115,"minecraft:drop":24,"minecraft:talked_to_villager":144,"minecraft:play_time":447755,"minecraft:sneak_time":28315,"minecraft:deaths":30,"minecraft:walk_under_water_one_cm":39247,"minecraft:boat_one_cm":174631,"minecraft:jump":6046,"minecraft:walk_on_water_one_cm":100336,"minecraft:total_world_time":447755,"minecraft:interact_with_furnace":34,"minecraft:traded_with_villager":314,"minecraft:interact_with_grindstone":1,"minecraft:sleep_in_bed":12,"minecraft:time_since_rest":10098,"minecraft:damage_taken":11497,"minecraft:damage_dealt":25328,"minecraft:swim_one_cm":49890,"minecraft:fly_one_cm":927950,"minecraft:open_chest":187,"minecraft:crouch_one_cm":66412,"minecraft:fall_one_cm":136185},"minecraft:mined":{"minecraft:dark_oak_planks":1,"minecraft:tuff":4,"minecraft:white_bed":8,"minecraft:farmland":1,"minecraft:deepslate_diamond_ore":1,"minecraft:oak_door":1,"minecraft:dark_oak_log":17,"minecraft:brewing_stand":2,"minecraft:glow_lichen":1,"minecraft:granite":85,"minecraft:grass_block":134,"minecraft:yellow_carpet":4,"minecraft:composter":6,"minecraft:cartography_table":1,"minecraft:hay_block":27,"minecraft:oak_trapdoor":3,"minecraft:furnace":9,"minecraft:carrots":139,"minecraft:barrel":7,"minecraft:iron_ore":76,"minecraft:cobbled_deepslate":2,"minecraft:fire":1,"minecraft:andesite":11,"minecraft:deepslate_lapis_ore":7,"minecraft:peony":1,"minecraft:azure_bluet":1,"minecraft:bell":1,"minecraft:dirt_path":1,"minecraft:potatoes":71,"minecraft:deepslate_iron_ore":38,"minecraft:cobblestone_slab":8,"minecraft:stone":510,"minecraft:tripwire":4,"minecraft:deepslate_redstone_ore":3,"minecraft:oak_slab":5,"minecraft:dandelion":3,"minecraft:clay":2,"minecraft:oak_fence":11,"minecraft:crafting_table":9,"minecraft:torch":20,"minecraft:short_grass":106,"minecraft:calcite":7,"minecraft:poppy":4,"minecraft:chest":3,"minecraft:copper_ore":43,"minecraft:tall_grass":10,"minecraft:cobblestone":6,"minecraft:deepslate_gold_ore":25,"minecraft:lapis_ore":8,"minecraft:grindstone":1,"minecraft:oak_planks":7,"minecraft:sugar_cane":49,"minecraft:diorite":47,"minecraft:wall_torch":6,"minecraft:amethyst_block":1,"minecraft:white_terracotta":1,"minecraft:birch_planks":1,"minecraft:wheat":243,"minecraft:white_carpet":5,"minecraft:birch_leaves":2,"minecraft:bee_nest":1,"minecraft:yellow_bed":15,"minecraft:oak_log":104,"minecraft:coal_ore":109,"minecraft:beetroots":4,"minecraft:oak_fence_gate":2,"minecraft:gravel":21,"minecraft:dirt":56,"minecraft:smooth_basalt":3,"minecraft:stonecutter":2,"minecraft:oak_leaves":84,"minecraft:deepslate":12},"minecraft:used":{"minecraft:oak_fence":58,"minecraft:oak_trapdoor":5,"minecraft:stone_sword":69,"minecraft:stone_shovel":121,"minecraft:chest":6,"minecraft:shield":38,"minecraft:iron_sword":439,"minecraft:bell":1,"minecraft:stone_hoe":16,"minecraft:rotten_flesh":9,"minecraft:iron_chestplate":1,"minecraft:oak_door":1,"minecraft:torch":50,"minecraft:dirt":142,"minecraft:white_carpet":2,"minecraft:carrot":224,"minecraft:yellow_carpet":1,"minecraft:granite":9,"minecraft:oak_fence_gate":4,"minecraft:dark_oak_planks":33,"minecraft:iron_axe":9,"minecraft:iron_helmet":2,"minecraft:iron_boots":1,"minecraft:barrel":12,"minecraft:hay_block":4,"minecraft:oak_sapling":8,"minecraft:furnace":7,"minecraft:egg":5,"minecraft:potato":71,"minecraft:cooked_beef":4,"minecraft:cobbled_deepslate":4,"minecraft:iron_leggings":1,"minecraft:cooked_mutton":5,"minecraft:wheat_seeds":167,"minecraft:water_bucket":3,"minecraft:diorite":22,"minecraft:stone_pickaxe":622,"minecraft:oak_planks":63,"minecraft:sugar_cane":38,"minecraft:wooden_pickaxe":10,"minecraft:composter":3,"minecraft:fletching_table":1,"minecraft:cobblestone_slab":13,"minecraft:oak_slab":12,"minecraft:crafting_table":11,"minecraft:white_bed":9,"minecraft:apple":3,"minecraft:chicken":2,"minecraft:bread":39,"minecraft:string":7,"minecraft:iron_pickaxe":435,"minecraft:gravel":13,"minecraft:stone_axe":139,"minecraft:fishing_rod":3,"minecraft:cobblestone":34,"minecraft:cooked_porkchop":4,"minecraft:andesite":3,"minecraft:bucket":4,"minecraft:yellow_bed":15,"minecraft:oak_boat":7,"minecraft:bone_meal":26},"minecraft:killed_by":{"minecraft:zombie_villager":1,"minecraft:player":1,"minecraft:spider":2,"minecraft:iron_golem":7,"minecraft:drowned":2,"minecraft:skeleton":10,"minecraft:zombie":5}},"DataVersion":3953}