{"stats":{"minecraft:picked_up":{"minecraft:crafting_table":10,"minecraft:clay_ball":44,"minecraft:raw_copper":20,"minecraft:cobbled_deepslate":25,"minecraft:beef":76,"minecraft:iron_pickaxe":1,"minecraft:light_gray_wool":1,"minecraft:sugar_cane":2,"minecraft:birch_sapling":4,"minecraft:furnace":8,"minecraft:raw_iron":25,"minecraft:stick":2,"minecraft:oak_door":4,"minecraft:torch":12,"minecraft:porkchop":13,"minecraft:diorite":1,"minecraft:redstone":25,"minecraft:dark_oak_planks":27,"minecraft:arrow":5,"minecraft:rotten_flesh":15,"minecraft:mutton":8,"minecraft:white_wool":6,"minecraft:cobblestone":228,"minecraft:birch_log":64,"minecraft:birch_slab":1,"minecraft:andesite":1,"minecraft:leather":24,"minecraft:birch_planks":44,"minecraft:oak_log":7,"minecraft:yellow_bed":2,"minecraft:dirt":246,"minecraft:cooked_mutton":4,"minecraft:bone":3,"minecraft:kelp":24,"minecraft:wheat_seeds":4,"minecraft:stone_pickaxe":1,"minecraft:iron_ingot":4,"minecraft:gravel":4,"minecraft:sand":2,"minecraft:spruce_log":6,"minecraft:dark_oak_log":74,"minecraft:mossy_cobblestone":2,"minecraft:granite":1,"minecraft:oak_sapling":2,"minecraft:black_wool":2,"minecraft:coal":217},"minecraft:broken":{"minecraft:wooden_shovel":1,"minecraft:stone_pickaxe":1,"minecraft:stone_axe":1,"minecraft:stone_shovel":1},"minecraft:dropped":{"minecraft:iron_sword":1,"minecraft:mossy_cobblestone":2,"minecraft:stick":1,"minecraft:iron_pickaxe":1,"minecraft:kelp":12,"minecraft:sugar_cane":2,"minecraft:rotten_flesh":1,"minecraft:leather_chestplate":1,"minecraft:stone_pickaxe":1,"minecraft:wooden_pickaxe":1},"minecraft:killed":{"minecraft:skeleton":2,"minecraft:pig":7,"minecraft:zombie_villager":1,"minecraft:sheep":8,"minecraft:zombie":10,"minecraft:cow":29},"minecraft:custom":{"minecraft:mob_kills":57,"minecraft:interact_with_crafting_table":57,"minecraft:leave_game":2,"minecraft:time_since_death":3598,"minecraft:sprint_one_cm":374418,"minecraft:walk_one_cm":264800,"minecraft:drop":11,"minecraft:play_time":153691,"minecraft:deaths":5,"minecraft:sneak_time":6708,"minecraft:walk_under_water_one_cm":6644,"minecraft:boat_one_cm":232757,"minecraft:jump":2480,"minecraft:walk_on_water_one_cm":27161,"minecraft:total_world_time":153691,"minecraft:interact_with_furnace":54,"minecraft:time_since_rest":3641,"minecraft:damage_taken":3477,"minecraft:damage_dealt":8050,"minecraft:swim_one_cm":93477,"minecraft:fly_one_cm":424543,"minecraft:open_chest":25,"minecraft:crouch_one_cm":15759,"minecraft:fall_one_cm":78837},"minecraft:crafted":{"minecraft:wooden_sword":3,"minecraft:oak_door":3,"minecraft:oak_planks":24,"minecraft:stone_shovel":1,"minecraft:dark_oak_boat":1,"minecraft:birch_boat":3,"minecraft:furnace":4,"minecraft:iron_boots":1,"minecraft:iron_axe":1,"minecraft:stone_pickaxe":6,"minecraft:chest":4,"minecraft:spruce_boat":2,"minecraft:dark_oak_planks":284,"minecraft:cooked_beef":52,"minecraft:wooden_shovel":1,"minecraft:cooked_porkchop":5,"minecraft:crafting_table":9,"minecraft:spruce_planks":24,"minecraft:wooden_pickaxe":3,"minecraft:iron_sword":2,"minecraft:leather_helmet":1,"minecraft:bucket":1,"minecraft:dark_oak_button":7,"minecraft:birch_planks":256,"minecraft:stone_axe":2,"minecraft:air":0,"minecraft:spruce_trapdoor":2,"minecraft:iron_chestplate":1,"minecraft:stick":72,"minecraft:iron_ingot":15,"minecraft:leather_chestplate":2,"minecraft:iron_pickaxe":3,"minecraft:stone_sword":1,"minecraft:iron_shovel":1,"minecraft:white_bed":1,"minecraft:torch":52},"minecraft:mined":{"minecraft:dark_oak_planks":19,"minecraft:mossy_cobblestone":4,"minecraft:dark_oak_leaves":5,"minecraft:oak_door":2,"minecraft:dark_oak_log":67,"minecraft:glow_lichen":1,"minecraft:granite":1,"minecraft:grass_block":169,"minecraft:birch_slab":1,"minecraft:kelp":2,"minecraft:redstone_ore":6,"minecraft:furnace":8,"minecraft:iron_ore":23,"minecraft:andesite":1,"minecraft:dirt_path":2,"minecraft:stone":208,"minecraft:kelp_plant":31,"minecraft:clay":12,"minecraft:crafting_table":10,"minecraft:torch":3,"minecraft:short_grass":43,"minecraft:mushroom_stem":6,"minecraft:cobblestone":4,"minecraft:copper_ore":7,"minecraft:tall_grass":2,"minecraft:sugar_cane":2,"minecraft:diorite":1,"minecraft:wall_torch":11,"minecraft:birch_sapling":1,"minecraft:birch_planks":43,"minecraft:birch_log":57,"minecraft:spruce_log":6,"minecraft:birch_leaves":7,"minecraft:yellow_bed":2,"minecraft:black_wool":1,"minecraft:coal_ore":126,"minecraft:oak_log":7,"minecraft:dirt":58,"minecraft:sand":2,"minecraft:gravel":4,"minecraft:red_mushroom_block":1,"minecraft:oak_leaves":24,"minecraft:deepslate":24},"minecraft:used":{"minecraft:stone_sword":83,"minecraft:stone_shovel":133,"minecraft:chest":4,"minecraft:stone":1,"minecraft:iron_sword":110,"minecraft:wooden_shovel":59,"minecraft:oak_door":6,"minecraft:torch":32,"minecraft:dirt":169,"minecraft:spruce_boat":1,"minecraft:dark_oak_planks":218,"minecraft:iron_axe":11,"minecraft:birch_sapling":2,"minecraft:dark_oak_boat":1,"minecraft:furnace":9,"minecraft:cooked_beef":22,"minecraft:cobbled_deepslate":11,"minecraft:cooked_mutton":4,"minecraft:birch_planks":221,"minecraft:stone_pickaxe":206,"minecraft:birch_boat":3,"minecraft:wooden_pickaxe":51,"minecraft:crafting_table":17,"minecraft:white_bed":1,"minecraft:black_wool":1,"minecraft:dark_oak_log":3,"minecraft:birch_slab":1,"minecraft:iron_pickaxe":180,"minecraft:stone_axe":176,"minecraft:wooden_sword":74,"minecraft:cobblestone":139,"minecraft:cooked_porkchop":4,"minecraft:yellow_bed":2},"minecraft:killed_by":{"minecraft:skeleton":3}},"DataVersion":3953}