{"stats":{"minecraft:picked_up":{"minecraft:stripped_oak_log":1,"minecraft:crafting_table":5,"minecraft:azure_bluet":1,"minecraft:feather":6,"minecraft:cooked_beef":16,"minecraft:chicken":6,"minecraft:leather":6,"minecraft:oak_stairs":18,"minecraft:oak_log":152,"minecraft:cobblestone_wall":1,"minecraft:dirt":102,"minecraft:lapis_lazuli":21,"minecraft:string":401,"minecraft:oak_trapdoor":4,"minecraft:cooked_mutton":4,"minecraft:smooth_stone_slab":5,"minecraft:bone":5,"minecraft:wheat_seeds":7,"minecraft:iron_ingot":26,"minecraft:beef":19,"minecraft:cooked_chicken":6,"minecraft:poppy":2,"minecraft:light_gray_wool":2,"minecraft:birch_sapling":1,"minecraft:oak_planks":11,"minecraft:egg":1,"minecraft:furnace":6,"minecraft:oak_slab":8,"minecraft:oak_door":1,"minecraft:torch":3,"minecraft:gravel":4,"minecraft:diorite":1,"minecraft:white_bed":1,"minecraft:barrel":2,"minecraft:dark_oak_log":22,"minecraft:mossy_cobblestone":3,"minecraft:dark_oak_planks":1,"minecraft:arrow":5,"minecraft:rotten_flesh":19,"minecraft:peony":1,"minecraft:oak_sapling":11,"minecraft:mutton":15,"minecraft:coal":9,"minecraft:white_wool":10,"minecraft:cobblestone":85,"minecraft:birch_log":39},"minecraft:broken":{"minecraft:iron_axe":1},"minecraft:dropped":{"minecraft:light_gray_wool":2,"minecraft:white_wool":5},"minecraft:killed":{"minecraft:spider":1,"minecraft:iron_golem":1,"minecraft:sheep":12,"minecraft:zombie":5,"minecraft:chicken":6,"minecraft:skeleton_horse":1,"minecraft:cow":9},"minecraft:custom":{"minecraft:interact_with_furnace":18,"minecraft:mob_kills":35,"minecraft:interact_with_crafting_table":66,"minecraft:open_barrel":3,"minecraft:interact_with_campfire":12,"minecraft:leave_game":19,"minecraft:time_since_death":106358,"minecraft:sleep_in_bed":5,"minecraft:time_since_rest":10210,"minecraft:sprint_one_cm":378430,"minecraft:damage_taken":1941,"minecraft:walk_one_cm":440382,"minecraft:drop":2,"minecraft:damage_dealt":5408,"minecraft:talked_to_villager":10,"minecraft:swim_one_cm":10446,"minecraft:fly_one_cm":273994,"minecraft:open_chest":11,"minecraft:crouch_one_cm":3130,"minecraft:play_time":212861,"minecraft:deaths":4,"minecraft:sneak_time":1963,"minecraft:walk_under_water_one_cm":5959,"minecraft:jump":1705,"minecraft:walk_on_water_one_cm":5693,"minecraft:total_world_time":212861,"minecraft:fall_one_cm":38482},"minecraft:crafted":{"minecraft:cooked_beef":3,"minecraft:oak_door":3,"minecraft:oak_slab":66,"minecraft:oak_planks":368,"minecraft:barrel":2,"minecraft:crafting_table":14,"minecraft:wooden_pickaxe":3,"minecraft:furnace":4,"minecraft:birch_planks":16,"minecraft:stone_axe":2,"minecraft:cooked_mutton":11,"minecraft:air":0,"minecraft:iron_boots":1,"minecraft:iron_chestplate":1,"minecraft:charcoal":1,"minecraft:iron_axe":1,"minecraft:stick":84,"minecraft:oak_stairs":4,"minecraft:stone_pickaxe":3,"minecraft:wooden_axe":5,"minecraft:stone_sword":4,"minecraft:chest":4,"minecraft:iron_shovel":1,"minecraft:iron_leggings":1,"minecraft:armor_stand":4,"minecraft:white_bed":1,"minecraft:dark_oak_planks":88,"minecraft:torch":8},"minecraft:mined":{"minecraft:dark_oak_planks":1,"minecraft:oak_slab":8,"minecraft:white_bed":1,"minecraft:glass_pane":1,"minecraft:mossy_cobblestone":3,"minecraft:dark_oak_leaves":12,"minecraft:oak_door":1,"minecraft:dark_oak_log":21,"minecraft:crafting_table":5,"minecraft:torch":1,"minecraft:short_grass":29,"minecraft:grass_block":27,"minecraft:tall_grass":2,"minecraft:cobblestone":22,"minecraft:lapis_ore":3,"minecraft:oak_planks":11,"minecraft:diorite":1,"minecraft:wall_torch":2,"minecraft:oak_trapdoor":4,"minecraft:furnace":6,"minecraft:cobblestone_wall":1,"minecraft:birch_log":32,"minecraft:barrel":2,"minecraft:peony":1,"minecraft:birch_leaves":6,"minecraft:smooth_stone_slab":9,"minecraft:oak_log":138,"minecraft:coal_ore":9,"minecraft:oak_stairs":18,"minecraft:gravel":4,"minecraft:dirt":78,"minecraft:stripped_oak_log":1,"minecraft:stone":64,"minecraft:oak_leaves":36,"minecraft:tripwire":2},"minecraft:used":{"minecraft:oak_trapdoor":4,"minecraft:cooked_mutton":11,"minecraft:diorite":1,"minecraft:stone_sword":53,"minecraft:iron_shovel":19,"minecraft:armor_stand":4,"minecraft:stone_pickaxe":110,"minecraft:oak_planks":24,"minecraft:chest":4,"minecraft:wooden_pickaxe":44,"minecraft:rotten_flesh":4,"minecraft:oak_door":1,"minecraft:torch":10,"minecraft:mossy_cobblestone":1,"minecraft:dirt":55,"minecraft:oak_slab":65,"minecraft:crafting_table":15,"minecraft:white_bed":2,"minecraft:wooden_axe":62,"minecraft:dark_oak_planks":32,"minecraft:oak_stairs":7,"minecraft:iron_axe":210,"minecraft:string":4,"minecraft:barrel":4,"minecraft:gravel":4,"minecraft:stone_axe":65,"minecraft:cobblestone":14,"minecraft:furnace":8,"minecraft:cooked_beef":6},"minecraft:killed_by":{"minecraft:skeleton":1,"minecraft:spider":3}},"DataVersion":3953}