{"stats":{"minecraft:broken":{"magistuarmory:stone_zweihander":1,"minecraft:wooden_axe":1},"minecraft:custom":{"minecraft:mob_kills":77,"minecraft:interact_with_crafting_table":47,"minecraft:open_barrel":1,"minecraft:damage_dealt_resisted":27,"minecraft:leave_game":5,"minecraft:time_since_death":82797,"minecraft:damage_resisted":22,"minecraft:climb_one_cm":15967,"minecraft:sprint_one_cm":571916,"minecraft:walk_one_cm":715772,"minecraft:drop":43,"minecraft:talked_to_villager":17,"minecraft:play_time":272635,"minecraft:sneak_time":3369,"minecraft:deaths":14,"minecraft:walk_under_water_one_cm":24957,"minecraft:jump":2723,"minecraft:interact_with_blast_furnace":2,"minecraft:walk_on_water_one_cm":20417,"minecraft:total_world_time":272635,"minecraft:interact_with_furnace":15,"minecraft:sleep_in_bed":12,"minecraft:time_since_rest":14710,"minecraft:damage_taken":5793,"minecraft:damage_dealt":11117,"minecraft:swim_one_cm":56500,"minecraft:fly_one_cm":493013,"minecraft:open_chest":113,"minecraft:crouch_one_cm":12763,"minecraft:fall_one_cm":78649,"minecraft:horse_one_cm":4},"minecraft:used":{"magistuarmory:rusted_heavymace":134,"minecraft:writable_book":2,"minecraft:stone_sword":8,"minecraft:iron_shovel":22,"minecraft:polished_deepslate":10,"minecraft:spruce_slab":1,"minecraft:chest":9,"minecraft:iron_sword":8,"minecraft:orange_bed":4,"minecraft:cooked_chicken":1,"minecraft:oak_door":2,"minecraft:torch":7,"minecraft:rotten_flesh":3,"minecraft:iron_chestplate":1,"minecraft:dirt":42,"minecraft:yellow_carpet":6,"minecraft:dark_oak_planks":3,"minecraft:birch_door":4,"minecraft:stone_brick_slab":6,"minecraft:wooden_axe":95,"minecraft:bricks":3,"minecraft:iron_axe":105,"minecraft:stone_bricks":2,"minecraft:beef":3,"minecraft:hay_block":6,"minecraft:emerald_block":5,"minecraft:furnace":2,"magistuarmory:rusted_bastardsword":4,"minecraft:egg":4,"magistuarmory:rustedcrusader_boots":1,"minecraft:light_gray_bed":2,"minecraft:cooked_beef":2,"minecraft:cobbled_deepslate":9,"minecraft:iron_leggings":1,"minecraft:cooked_mutton":1,"minecraft:mossy_stone_bricks":2,"minecraft:birch_planks":19,"minecraft:stone_pickaxe":125,"minecraft:polished_andesite":4,"minecraft:oak_planks":19,"minecraft:wooden_pickaxe":85,"travelersbackpack:iron_golem":1,"magistuarmory:stone_katzbalger":15,"magistuarmory:stone_zweihander":122,"minecraft:cracked_stone_bricks":3,"minecraft:white_wool":6,"minecraft:oak_slab":6,"minecraft:crafting_table":13,"minecraft:red_bed":1,"minecraft:white_bed":2,"minecraft:cod":1,"minecraft:bread":36,"minecraft:lectern":9,"minecraft:stone_axe":38,"minecraft:cobblestone":35,"minecraft:birch_log":5,"minecraft:yellow_bed":2,"minecraft:candle":4,"minecraft:smooth_stone":2,"minecraft:chainmail_leggings":1},"minecraft:killed_by":{"minecraft:creeper":2,"minecraft:pillager":1,"minecraft:skeleton":2,"minecraft:zombie":8},"minecraft:picked_up":{"minecraft:wooden_axe":3,"minecraft:birch_door":26,"minecraft:crafting_table":4,"minecraft:wheat":25,"minecraft:chicken":8,"minecraft:flower_pot":2,"minecraft:wooden_pickaxe":6,"minecraft:oak_stairs":6,"minecraft:cooked_rabbit":3,"minecraft:diamond_horse_armor":1,"minecraft:brick":54,"minecraft:shield":1,"minecraft:polished_deepslate":13,"minecraft:red_bed":1,"minecraft:raw_copper":13,"minecraft:iron_axe":2,"minecraft:iron_leggings":5,"magistuarmory:stone_zweihander":3,"minecraft:armor_stand":3,"minecraft:white_carpet":1,"minecraft:iron_shovel":1,"magistuarmory:stone_katzbalger":1,"minecraft:oak_sign":2,"minecraft:sea_pickle":2,"minecraft:cracked_stone_bricks":4,"minecraft:cobbled_deepslate":23,"minecraft:candle":4,"minecraft:cartography_table":1,"minecraft:smooth_stone":23,"minecraft:beef":24,"minecraft:red_dye":1,"minecraft:iron_nugget":3,"minecraft:poppy":12,"minecraft:spruce_slab":2,"minecraft:lectern":10,"minecraft:chest":14,"minecraft:furnace":1,"minecraft:egg":7,"minecraft:stick":28,"minecraft:raw_iron":14,"minecraft:oak_door":2,"minecraft:copper_ingot":6,"minecraft:torch":2,"minecraft:spruce_stairs":12,"magistuarmory:rusted_heavymace":3,"minecraft:porkchop":8,"minecraft:carrot":14,"minecraft:orange_bed":2,"minecraft:stone_sword":2,"minecraft:arrow":14,"minecraft:honey_bottle":1,"minecraft:light_gray_bed":2,"minecraft:rotten_flesh":48,"minecraft:decorated_pot":4,"minecraft:hay_block":34,"minecraft:mutton":10,"minecraft:cod":4,"minecraft:white_wool":12,"minecraft:cobblestone":107,"minecraft:birch_log":53,"travelersbackpack:iron_golem":1,"minecraft:leather_chestplate":1,"minecraft:feather":12,"minecraft:cooked_beef":3,"minecraft:water_bucket":1,"minecraft:salmon":1,"minecraft:leather":19,"minecraft:potato":18,"minecraft:birch_planks":14,"minecraft:flint":1,"minecraft:oak_log":12,"minecraft:chainmail_chestplate":2,"minecraft:yellow_bed":4,"minecraft:gunpowder":2,"minecraft:dirt":75,"minecraft:cooked_mutton":3,"minecraft:leather_boots":1,"minecraft:bone":7,"minecraft:apple":9,"minecraft:stone_bricks":11,"minecraft:kelp":6,"minecraft:wheat_seeds":16,"minecraft:rabbit_hide":1,"minecraft:iron_ingot":11,"minecraft:stone_pickaxe":6,"minecraft:cobweb":6,"minecraft:mossy_stone_bricks":2,"minecraft:oak_planks":19,"minecraft:book":9,"minecraft:scaffolding":1,"minecraft:oak_slab":2,"minecraft:cooked_porkchop":2,"minecraft:dandelion":4,"minecraft:gravel":2,"minecraft:white_bed":3,"minecraft:green_carpet":1,"minecraft:dark_oak_log":6,"minecraft:barrel":1,"minecraft:leather_helmet":1,"minecraft:polished_andesite":9,"minecraft:yellow_carpet":6,"minecraft:slime_ball":15,"minecraft:stone_axe":4,"magistuarmory:rusted_bastardsword":1,"minecraft:chainmail_leggings":1,"magistuarmory:rustedcrusader_boots":2,"minecraft:iron_helmet":2,"minecraft:gray_wool":1,"minecraft:emerald":8,"minecraft:bread":74,"minecraft:oak_sapling":6,"minecraft:melon_seeds":4,"minecraft:bricks":3,"minecraft:coal":45},"minecraft:killed":{"minecraft:cod":1,"minecraft:slime":19,"minecraft:skeleton":2,"minecraft:chicken":3,"minecraft:pig":2,"minecraft:zombie_villager":1,"minecraft:iron_golem":1,"minecraft:creeper":1,"minecraft:sheep":5,"minecraft:zombie":27,"minecraft:donkey":3,"minecraft:cow":12},"minecraft:dropped":{"minecraft:bread":16,"minecraft:iron_ingot":7,"minecraft:birch_planks":1,"magistuarmory:stone_zweihander":3,"minecraft:iron_helmet":1,"minecraft:cobblestone":2,"minecraft:leather":3,"magistuarmory:stone_katzbalger":1,"minecraft:wooden_axe":1,"minecraft:iron_leggings":1,"minecraft:red_dye":1,"minecraft:chainmail_leggings":1,"minecraft:string":127,"minecraft:white_wool":1,"minecraft:dandelion":1,"minecraft:bone":2,"magistuarmory:stone_ahlspiess":1,"minecraft:rotten_flesh":1,"magistuarmory:rusted_heavymace":1,"minecraft:chainmail_chestplate":1,"minecraft:poppy":1,"minecraft:stone_pickaxe":2,"minecraft:wooden_pickaxe":1},"minecraft:crafted":{"minecraft:oak_planks":48,"magistuarmory:stone_shortsword":1,"minecraft:cooked_chicken":1,"minecraft:furnace":2,"magistuarmory:stone_zweihander":1,"magistuarmory:stone_katzbalger":1,"minecraft:cooked_mutton":3,"magistuarmory:hilt":6,"minecraft:stone_brick_slab":6,"minecraft:iron_axe":1,"minecraft:stone_pickaxe":3,"minecraft:birch_door":30,"magistuarmory:pole":1,"minecraft:dark_oak_planks":24,"minecraft:wheat":225,"minecraft:cooked_beef":2,"minecraft:red_dye":4,"minecraft:oak_slab":6,"minecraft:crafting_table":9,"minecraft:wooden_pickaxe":4,"minecraft:red_bed":1,"minecraft:red_wool":3,"minecraft:birch_planks":192,"minecraft:stone_axe":1,"minecraft:orange_dye":2,"magistuarmory:stone_ahlspiess":1,"minecraft:bread":75,"minecraft:air":0,"minecraft:iron_chestplate":1,"minecraft:emerald_block":2,"minecraft:yellow_dye":1,"minecraft:stick":48,"minecraft:iron_ingot":3,"minecraft:wooden_axe":2,"minecraft:stone_sword":3,"minecraft:orange_bed":2,"minecraft:torch":52,"magistuarmory:leather_strip":6},"minecraft:mined":{"minecraft:red_carpet":2,"minecraft:white_bed":3,"minecraft:dark_oak_leaves":3,"minecraft:candle":2,"minecraft:oak_door":2,"minecraft:cobblestone_stairs":1,"minecraft:dark_oak_log":6,"minecraft:spruce_trapdoor":2,"minecraft:decorated_pot":18,"minecraft:grass_block":24,"minecraft:yellow_carpet":6,"minecraft:light_gray_bed":2,"minecraft:cartography_table":1,"minecraft:spawner":2,"minecraft:hay_block":30,"minecraft:smooth_stone":6,"minecraft:furnace":1,"minecraft:barrel":1,"minecraft:cobbled_deepslate":5,"minecraft:polished_deepslate":13,"minecraft:bookshelf":3,"minecraft:deepslate_iron_ore":8,"minecraft:oak_stairs":3,"minecraft:green_carpet":1,"minecraft:azalea_leaves":1,"minecraft:stone":83,"minecraft:white_wool":6,"minecraft:orange_bed":2,"minecraft:spruce_slab":2,"minecraft:oak_slab":2,"minecraft:scaffolding":1,"minecraft:glass_pane":9,"minecraft:red_bed":1,"minecraft:kelp_plant":1,"minecraft:dandelion":3,"minecraft:crafting_table":4,"minecraft:short_grass":32,"minecraft:poppy":5,"minecraft:chest":14,"minecraft:white_stained_glass_pane":3,"minecraft:lectern":10,"minecraft:tall_grass":1,"minecraft:glass":2,"minecraft:cobblestone":8,"minecraft:oak_planks":15,"minecraft:bricks":3,"minecraft:wall_torch":2,"minecraft:spruce_stairs":12,"minecraft:birch_planks":11,"minecraft:birch_log":53,"minecraft:wheat":2,"minecraft:birch_leaves":5,"minecraft:yellow_bed":3,"minecraft:coal_ore":23,"minecraft:oak_log":9,"minecraft:gravel":2,"minecraft:dirt":32,"minecraft:cracked_stone_bricks":3,"minecraft:stone_bricks":1,"minecraft:polished_andesite":4,"minecraft:mossy_stone_bricks":2,"minecraft:deepslate":17,"minecraft:oak_leaves":1}},"DataVersion":3953}