{"stats":{"minecraft:picked_up":{"minecraft:birch_log":59,"minecraft:crafting_table":1,"minecraft:feather":5,"minecraft:azure_bluet":1,"minecraft:chicken":4,"minecraft:flint":1,"minecraft:oak_log":8,"minecraft:dirt":92,"minecraft:wheat_seeds":2,"minecraft:birch_sapling":5,"minecraft:furnace":1,"minecraft:dark_oak_sapling":4,"minecraft:stick":8,"minecraft:cooked_porkchop":4,"minecraft:birch_boat":1,"minecraft:torch":1,"minecraft:porkchop":6,"minecraft:white_bed":1,"minecraft:dark_oak_log":5,"minecraft:rotten_flesh":3,"minecraft:oak_sapling":1,"minecraft:mutton":3,"minecraft:white_wool":5,"minecraft:cobblestone":23},"minecraft:killed":{"minecraft:pig":3,"minecraft:spider":1,"minecraft:sheep":2,"minecraft:skeleton":1,"minecraft:zombie":2,"minecraft:chicken":4},"minecraft:crafted":{"minecraft:oak_planks":8,"minecraft:cooked_porkchop":4,"minecraft:crafting_table":1,"minecraft:birch_boat":1,"minecraft:wooden_pickaxe":1,"minecraft:cooked_chicken":4,"minecraft:birch_planks":40,"minecraft:stone_axe":1,"minecraft:cooked_mutton":7,"minecraft:air":0,"minecraft:charcoal":32,"minecraft:stick":32,"minecraft:stone_pickaxe":1,"minecraft:wooden_axe":1,"minecraft:chest":1,"minecraft:dark_oak_planks":20,"minecraft:torch":32},"minecraft:custom":{"minecraft:interact_with_furnace":13,"minecraft:mob_kills":13,"minecraft:interact_with_crafting_table":9,"minecraft:leave_game":9,"minecraft:time_since_death":7241,"minecraft:time_since_rest":7793,"minecraft:sprint_one_cm":229133,"minecraft:damage_taken":1050,"minecraft:walk_one_cm":240638,"minecraft:damage_dealt":1442,"minecraft:swim_one_cm":8363,"minecraft:fly_one_cm":58563,"minecraft:open_chest":19,"minecraft:crouch_one_cm":452,"minecraft:play_time":75406,"minecraft:deaths":3,"minecraft:sneak_time":197,"minecraft:walk_under_water_one_cm":619,"minecraft:boat_one_cm":33784,"minecraft:jump":789,"minecraft:walk_on_water_one_cm":1815,"minecraft:total_world_time":75406,"minecraft:fall_one_cm":16698},"minecraft:mined":{"minecraft:white_bed":1,"minecraft:dark_oak_leaves":54,"minecraft:dark_oak_log":8,"minecraft:crafting_table":1,"minecraft:short_grass":10,"minecraft:grass_block":14,"minecraft:tall_grass":2,"minecraft:tall_seagrass":1,"minecraft:furnace":1,"minecraft:birch_log":54,"minecraft:birch_leaves":38,"minecraft:peony":1,"minecraft:oak_log":6,"minecraft:gravel":1,"minecraft:dirt":38,"minecraft:stone":23,"minecraft:oak_leaves":6},"minecraft:used":{"minecraft:stone_pickaxe":17,"minecraft:wooden_pickaxe":11,"minecraft:chest":1,"minecraft:birch_boat":2,"minecraft:cooked_chicken":4,"minecraft:torch":2,"minecraft:dirt":17,"minecraft:crafting_table":1,"minecraft:white_bed":1,"minecraft:wooden_axe":1,"minecraft:birch_sapling":1,"minecraft:stone_axe":97,"minecraft:cobblestone":1,"minecraft:furnace":1,"minecraft:cooked_porkchop":2,"minecraft:dark_oak_sapling":4},"minecraft:killed_by":{"minecraft:skeleton":2,"minecraft:zombie":1}},"DataVersion":3953}